交易對,進場時間,進場價,止盈價,加倉價,群組結果,共加倉次數,出場時間,判定說明,前根收盤比開盤,觸發時量倍數,② 爆量分支,進場價vs前高,觸發於第幾分鐘
NOM,2026-09-24 14:17,0.002779,0.00269563,0.00291795,止盈,,2026-09-24 14:24,,0.1595698925,0.7901093245,15分0.5倍,0.007614213198,17
BROCCOLI,2026-09-24 19:12,0.02867,0.0278099,0.0301035,止損,,2026-09-24 20:29,,0.1203369434,0.621929619,15分0.5倍,0.007378777231,12
AGT,2026-09-24 19:27,0.019584,0.01899648,0.0205632,止盈,,2026-09-24 23:23,,0.06028797538,1.01909723,30分1倍,0.01329745951,27
PHA,2026-09-24 20:03,0.05098,0.0494506,0.053529,止損,,2026-09-24 20:19,,0.0629970699,0.7304297907,15分0.5倍,0.0001961938395,3
BB,2026-09-24 22:37,0.01095,0.0106215,0.0114975,止盈,,2026-09-24 23:49,,0.07157057654,2.437114019,2倍,0.01388888889,37
RIVER,2026-09-25 00:16,1.278,1.23966,1.3419,止盈,,2026-09-25 10:47,,0.06688963211,1.912629796,30分1倍+15分0.5倍,0.001567398119,16
LAB,2026-09-25 00:21,0.06094,0.0591118,0.063987,止盈,,2026-09-25 06:20,,0.06563976895,0.6644694678,15分0.5倍,0.0003282994091,21
SAGA,2026-09-25 08:06,0.07862,0.0762614,0.082551,止盈,,2026-09-25 08:07,,0.07787302049,0.5542907342,15分0.5倍,0.03270721135,6
PLAY,2026-09-25 10:56,0.04057,0.0393529,0.0425985,止盈,,2026-09-25 11:35,,0.06444740346,2.466724962,2倍,0.0002465483235,56
MOVR,2026-09-25 13:03,0.974,0.94478,1.0227,止盈,,2026-09-25 13:23,,0.0723025584,0.6974887406,15分0.5倍,0.007238883144,3
PHA,2026-09-25 15:26,0.05717,0.0554549,0.0600285,止盈,,2026-09-25 15:58,,0.06047556637,1.017332551,30分1倍,0.001401296199,26
CASHCAT,2026-09-25 16:15,0.1726,0.167422,0.18123,止損,,2026-09-25 18:15,,0.06574827802,0.5128737627,15分0.5倍,0.009356725146,15
MUBARAK,2026-09-25 20:12,0.04613,0.0447461,0.0484365,止盈,,2026-09-25 20:51,,0.0691750409,0.5280321817,15分0.5倍,0.0008678672163,12
MOVR,2026-09-25 23:15,1.119,1.08543,1.17495,止盈,,2026-09-25 23:23,,0.06886227545,0.5088775643,15分0.5倍,0.04384328358,15
LYN,2026-09-26 00:10,0.04478,0.0434366,0.047019,止盈,,2026-09-26 00:12,,0.1174261392,0.6496533063,15分0.5倍,0.00156564527,10
SPK,2026-09-26 00:12,0.0245,0.023765,0.025725,止損,,2026-09-26 00:26,,0.06481481481,0.5050397363,15分0.5倍,0.01072607261,12
LYN,2026-09-26 01:12,0.07316,0.0709652,0.076818,止盈,,2026-09-26 01:13,,0.5736051983,0.5566970424,15分0.5倍,0.02839471465,12
2Z,2026-09-26 14:12,0.06309,0.0611973,0.0662445,止損,,2026-09-26 14:17,,0.06901974489,0.5078436753,15分0.5倍,0.03071393563,12
Q,2026-09-26 15:04,0.03002,0.0291194,0.031521,止損,,2026-09-26 15:25,,0.1789825631,0.6712558597,15分0.5倍,0.05533291148,4
2Z,2026-09-26 17:26,0.07753,0.0752041,0.0814065,止盈,,2026-09-26 17:51,,0.06061040264,1.036535892,30分1倍,0.03830186152,26
US,2026-09-26 22:25,0.02532,0.0245604,0.026586,止損,,2026-09-26 23:03,,0.08443271768,1.033627022,30分1倍,0.02014504432,25
FIL,2026-09-26 23:29,1.213,1.17661,1.27365,止盈,,2026-09-27 01:11,,0.06181818182,1.008232829,30分1倍,0.02449324324,29
XVG,2026-09-27 15:44,0.003505,0.00339985,0.00368025,止損,,2026-09-27 16:49,,0.06106870229,2.38419402,2倍,0.008633093525,44
ARX,2026-09-27 17:42,0.2513,0.243761,0.263865,止損,,2026-09-27 18:45,,0.06915132465,3.21859934,2倍,0.01535353535,42
INX,2026-09-27 20:12,0.007383,0.00716151,0.00775215,止盈,,2026-09-27 20:19,,0.06346586647,0.5665898554,15分0.5倍,0.03912737509,12
ARX,2026-09-27 22:10,0.2914,0.282658,0.30597,止盈,,2026-09-27 23:16,,0.06606942889,0.6934005043,15分0.5倍,0.00830449827,10
NOM,2026-09-28 06:25,0.002434,0.00236098,0.0025557,止盈,,2026-09-28 06:28,,0.09470229723,1.054725639,30分1倍,0.04239828694,25
ELSA,2026-09-28 09:48,0.06272,0.0608384,0.065856,止盈,,2026-09-28 10:36,,0.06624005534,2.032269827,2倍,0.01161290323,48
IRYS,2026-09-28 09:59,0.02037,0.0197589,0.0213885,止盈,,2026-09-28 10:38,,0.1880544057,2.064368903,2倍,0.006920415225,59
SOON,2026-09-28 13:28,0.3642,0.353274,0.38241,止盈,,2026-09-28 13:38,,0.1057783391,1.045863333,30分1倍,0.01931150294,28
ARX,2026-09-28 21:15,0.275,0.26675,0.28875,止盈,,2026-09-28 21:25,,0.08068459658,1.003791365,30分1倍+15分0.5倍,0.03461249059,15
QNT,2026-09-29 01:14,247.4,239.978,259.77,止盈,,2026-09-29 02:20,,0.09478071765,0.5096345515,15分0.5倍,0.01397598262,14
NMR,2026-09-29 06:50,14.451,14.01747,15.17355,止損,,2026-09-29 07:36,,0.1816549838,2.31892189,2倍+30分1倍+15分0.5倍,0.01431880396,50
PUMP,2026-09-29 20:18,0.005687,0.00551639,0.00597135,止損,,2026-09-30 03:27,,0.1118811881,2.608371463,2倍+30分1倍+15分0.5倍,0.002114537445,18
MOVR,2026-09-30 03:12,1.17,1.1349,1.2285,止盈,,2026-09-30 04:32,,0.07182835821,0.5256633358,15分0.5倍,0.001712328767,12
MEW,2026-09-30 10:04,0.000573,0.00055581,0.00060165,止盈,,2026-09-30 11:20,,0.0679245283,0.5261273293,15分0.5倍,0.008802816901,4
US,2026-09-30 10:05,0.01887,0.0183039,0.0198135,止盈,,2026-09-30 10:13,,0.06195207481,0.6000607512,15分0.5倍,0.01017130621,5
SOON,2026-09-30 11:11,0.4264,0.413608,0.44772,止盈,,2026-09-30 11:22,,0.08220230474,0.6417618905,15分0.5倍,0.006372433325,11
AKE,2026-09-30 17:05,0.0354337,0.034370689,0.037205385,止損,,2026-09-30 17:11,,0.06515759224,0.6513296164,15分0.5倍,0.02101168436,5
PROS,2026-09-30 20:05,0.7494,0.726918,0.78687,止盈,,2026-09-30 22:32,,0.08786797502,0.5902934537,15分0.5倍,0.0171009772,5
US,2026-09-30 20:46,0.02259,0.0219123,0.0237195,止損,,2026-09-30 21:32,,0.1310494834,2.032866069,2倍,0.06305882353,46
USELESS,2026-09-30 21:28,0.25901,0.2512397,0.2719605,止盈,,2026-09-30 21:36,,0.06818561873,0.6672406022,15分0.5倍,3.861003861e-05,28
NOM,2026-10-01 14:14,0.002603,0.00252491,0.00273315,止盈,,2026-10-01 14:38,,0.07877744296,0.5094115458,15分0.5倍,0.03293650794,14
NOM,2026-10-01 17:05,0.003145,0.00305065,0.00330225,止盈,,2026-10-01 17:31,,0.07241857242,0.5081083445,15分0.5倍,0.003189792663,5
MEGA,2026-10-02 00:12,0.05286,0.0512742,0.055503,止盈,,2026-10-02 00:17,,0.09012690901,0.5576065322,15分0.5倍,0.03322908522,12
MAGMA,2026-10-02 01:11,0.22721,0.2203937,0.2385705,止損,,2026-10-02 01:32,,0.0664262391,0.7549060304,15分0.5倍,0.02926387316,11
MOVR,2026-10-02 03:15,3.172,3.07684,3.3306,止盈,,2026-10-02 03:20,,0.06125211506,0.522226828,15分0.5倍,0.0006309148265,15
US,2026-10-02 10:12,0.03393,0.0329121,0.0356265,止損,,2026-10-02 10:21,,0.1452015697,0.521889226,15分0.5倍,0.05470935654,12
NIGHT,2026-10-02 21:24,0.04902,0.0475494,0.051471,止盈,,2026-10-02 21:50,,0.06785948069,0.7675158894,15分0.5倍,0.001225490196,24
MAGMA,2026-10-03 00:00,0.34835,0.3378995,0.3657675,止盈,,2026-10-03 00:58,,0.2791639095,4.17442418,2倍+30分1倍+15分0.5倍,0.02909896603,60
SPK,2026-10-03 00:04,0.02801,0.0271697,0.0294105,止盈,,2026-10-03 00:09,,0.06057098765,0.7263855926,15分0.5倍,0.01743552488,4
POWER,2026-10-03 02:09,0.09277,0.0899869,0.0974085,止盈,,2026-10-03 02:38,,0.06018896536,0.5065512432,15分0.5倍,0.008588823657,9
SAND,2026-10-03 08:16,0.07006,0.0679582,0.073563,止盈,,2026-10-03 08:20,,0.06189226733,1.142935469,30分1倍+15分0.5倍,0.01096681097,16
TAKE,2026-10-03 12:13,0.06778,0.0657466,0.071169,止盈,,2026-10-03 12:23,,0.1024136775,0.5024971974,15分0.5倍,0.009081435165,13
AGT,2026-10-03 15:16,0.024348,0.02361756,0.0255654,止損,,2026-10-04 11:22,,0.06557881773,1.899256485,30分1倍+15分0.5倍,0.0005753267034,16
AIO,2026-10-04 04:05,0.04316,0.0418652,0.045318,止盈,,2026-10-04 04:09,,0.0784114053,0.6146924186,15分0.5倍,0.005123428039,5
ESP,2026-10-04 10:26,0.10926,0.1059822,0.114723,止損,,2026-10-04 10:29,,0.06615399783,1.772433679,30分1倍+15分0.5倍,0.0005494505495,26
PROS,2026-10-04 12:26,0.792,0.76824,0.8316,止損,,2026-10-05 08:03,,0.06843575419,2.942751616,2倍+30分1倍,0.02643856921,26
BAT,2026-10-04 16:06,0.1071,0.103887,0.112455,止盈,,2026-10-04 16:44,,0.06619859579,0.7044967677,15分0.5倍,0.002808988764,6
LYN,2026-10-05 06:11,0.03564,0.0345708,0.037422,止盈,,2026-10-05 06:14,,0.07525870179,0.5330752929,15分0.5倍,0.005076142132,11
PONS,2026-10-05 16:00,0.408,0.39576,0.4284,止盈,,2026-10-05 18:39,,0.06057441253,1.056726379,15分0.5倍,0.001226993865,60
COLLECT,2026-10-05 18:10,0.02532,0.0245604,0.026586,止盈,,2026-10-05 20:10,,0.07860824742,0.5674309707,15分0.5倍,0.008363201912,10
UP,2026-10-06 00:24,0.2111,0.204767,0.221655,止損,,2026-10-06 01:56,,0.06441717791,1.151302605,30分1倍,0.009082217973,24
UP,2026-10-06 02:08,0.2254,0.218638,0.23667,止盈,,2026-10-06 13:29,,0.06184586108,0.635681534,15分0.5倍,0.002669039146,8
BR,2026-10-06 09:03,0.49116,0.4764252,0.515718,止盈,,2026-10-06 09:12,,0.08849015516,0.7086418842,15分0.5倍,0.01936367599,3
API3,2026-10-06 14:07,0.3394,0.329218,0.35637,止損,,2026-10-06 15:18,,0.06979695431,0.750295449,15分0.5倍,0.001179941003,7
BR,2026-10-06 15:29,0.4395,0.426315,0.461475,止損,,2026-10-06 15:53,,0.06935117395,1.001355778,30分1倍,0.03506747368,29
BR,2026-10-06 16:06,0.53503,0.5189791,0.5617815,止盈,,2026-10-06 16:07,,0.2525438534,0.5437565087,15分0.5倍,0.007039469969,6
US,2026-10-06 16:07,0.01211,0.0117467,0.0127155,止損,,2026-10-06 16:11,,0.07059874888,0.5198921325,15分0.5倍,0.001654259719,7
BR,2026-10-06 18:08,0.66466,0.6447202,0.697893,止盈,,2026-10-06 18:11,,0.2234400061,0.5214084371,15分0.5倍,0.02931565825,8
BULLA,2026-10-06 23:49,0.09992,0.0969224,0.104916,止盈,,2026-10-07 00:27,,0.06498555876,2.10098967,2倍,0.04202732297,49
MAGIC,2026-10-07 06:09,0.0727,0.070519,0.076335,止盈,,2026-10-07 06:12,,0.06101190476,0.5164181948,15分0.5倍,0.01820728291,9
TA,2026-10-07 23:38,0.06663,0.0646311,0.0699615,止盈,,2026-10-07 23:43,,0.2452129738,1.856840941,30分1倍+15分0.5倍,0.0004504504505,38
MANA,2026-10-08 00:12,0.1074,0.104178,0.11277,止盈,,2026-10-08 01:31,,0.0702106319,0.5816697433,15分0.5倍,0.002801120448,12
HEMI,2026-10-08 01:13,0.00655,0.0063535,0.0068775,止盈,,2026-10-08 01:31,,0.07588532884,0.7504331848,15分0.5倍,0.001529051988,13
MET,2026-10-08 01:48,0.3856,0.374032,0.40488,止損,,2026-10-08 02:03,,0.09535304768,2.006624782,2倍,0.06079779917,48
MET,2026-10-08 02:07,0.4164,0.403908,0.43722,止損,,2026-10-08 02:08,,0.09338842975,0.523721466,15分0.5倍,0.04702036711,7
W,2026-10-08 09:09,0.01737,0.0168489,0.0182385,止盈,,2026-10-08 09:15,,0.06695598264,0.598557894,15分0.5倍,0.008710801394,9
ACE,2026-10-08 09:56,0.19347,0.1876659,0.2031435,止盈,,2026-10-08 10:01,,0.08975444539,2.246683994,2倍,0.0009830298013,56
ON,2026-10-08 13:40,0.12433,0.1206001,0.1305465,止盈,,2026-10-08 14:30,,0.07262823423,2.007476342,2倍,0.0378130217,40
币安人生,2026-10-08 15:38,0.5422,0.525934,0.56931,止損,,2026-10-08 16:52,,0.07446587845,2.69710852,2倍,0.04500337284,38
AKE,2026-10-08 18:02,0.0303346,0.029424562,0.03185133,止盈,,2026-10-08 18:03,,0.06318131673,1.764253262,30分1倍+15分0.5倍,0.04714004626,2
OGN,2026-10-08 21:58,0.04301,0.0417197,0.0451605,止盈,,2026-10-08 22:04,,0.1602758621,1.82102231,15分0.5倍,0.007731958763,58
DODO,2026-10-09 01:04,0.019884,0.01928748,0.0208782,止盈,,2026-10-09 01:07,,0.07796384607,0.6019009977,15分0.5倍,0.002520923666,4
MAGIC,2026-10-09 15:27,0.0791,0.076727,0.083055,止盈,,2026-10-09 15:29,,0.1490963855,1.150745657,30分1倍+15分0.5倍,0.02727272727,27
US,2026-10-09 16:37,0.02718,0.0263646,0.028539,止盈,,2026-10-09 16:39,,0.2407063197,1.54534333,30分1倍,0.01040892193,37
MAGIC,2026-10-09 23:17,0.0888,0.086136,0.09324,止盈,,2026-10-09 23:24,,0.0945083014,0.6626803118,15分0.5倍,0.01485714286,17
MAGIC,2026-10-10 00:12,0.1019,0.098843,0.106995,止盈,,2026-10-10 00:13,,0.06534422404,0.5240064306,15分0.5倍,0.1112322792,12
PIXEL,2026-10-10 02:11,0.00659,0.0063923,0.0069195,止盈,,2026-10-10 02:17,,0.06722689076,0.543119388,15分0.5倍,0.0329153605,11
MAGIC,2026-10-10 10:15,0.1411,0.136867,0.148155,止損,,2026-10-10 10:21,,0.1321514907,0.5828004085,15分0.5倍,0.004270462633,15
FIL,2026-10-10 11:07,1.188,1.15236,1.2474,止盈,,2026-10-10 14:08,,0.06678865508,1.678094071,30分1倍+15分0.5倍,0.01712328767,7
CFX,2026-10-10 23:13,0.06386,0.0619442,0.067053,止盈,,2026-10-10 23:18,,0.1300232184,0.6450055193,15分0.5倍,0.000313283208,13
STRK,2026-10-11 00:15,0.0971,0.094187,0.101955,止盈,,2026-10-11 00:27,,0.06864988558,0.5090200866,15分0.5倍,0.03078556263,15
ACT,2026-10-11 01:02,0.01144,0.0110968,0.012012,止盈,,2026-10-11 01:05,,0.1045943304,0.9546516044,15分0.5倍,0.01149425287,2
